id,firstName,lastName,maidenName,age,gender,email,phone,username,password,birthDate,image,address_city,address_street,address_state,address_postalCode
1,Emily,Johnson,Smith,29,female,emily.johnson@x.dummyjson.com,+81 965-431-3024,emilys,emilyspass,1996-5-30,https://dummyjson.com/icon/emilys/128,Phoenix,626 Main Street,Mississippi,29112
2,Michael,Williams,,36,male,michael.williams@x.dummyjson.com,+49 258-627-6644,michaelw,michaelwpass,1989-8-10,https://dummyjson.com/icon/michaelw/128,Houston,385 Fifth Street,Alabama,38807
3,Sophia,Brown,,43,female,sophia.brown@x.dummyjson.com,+81 210-652-2785,sophiab,sophiabpass,1982-11-6,https://dummyjson.com/icon/sophiab/128,Washington,1642 Ninth Street,Alabama,32822
4,James,Davis,,46,male,james.davis@x.dummyjson.com,+49 614-958-9364,jamesd,jamesdpass,1979-5-4,https://dummyjson.com/icon/jamesd/128,Seattle,238 Jefferson Street,Pennsylvania,68354
5,Emma,Miller,Johnson,31,female,emma.miller@x.dummyjson.com,+91 759-776-1614,emmaj,emmajpass,1994-6-13,https://dummyjson.com/icon/emmaj/128,Jacksonville,607 Fourth Street,Colorado,26593
6,Olivia,Wilson,,23,female,olivia.wilson@x.dummyjson.com,+91 607-295-6448,oliviaw,oliviawpass,2002-4-20,https://dummyjson.com/icon/oliviaw/128,Fort Worth,547 First Street,Tennessee,83843
7,Alexander,Jones,,39,male,alexander.jones@x.dummyjson.com,+61 260-824-4986,alexanderj,alexanderjpass,1986-10-20,https://dummyjson.com/icon/alexanderj/128,Indianapolis,664 Maple Street,Delaware,86684
8,Ava,Taylor,,28,female,ava.taylor@x.dummyjson.com,+1 458-853-7877,avat,avatpass,1997-8-25,https://dummyjson.com/icon/avat/128,Fort Worth,1197 First Street,Rhode Island,24771
9,Ethan,Martinez,,34,male,ethan.martinez@x.dummyjson.com,+92 933-608-5081,ethanm,ethanmpass,1991-2-12,https://dummyjson.com/icon/ethanm/128,San Antonio,466 Pine Street,Louisiana,72360
10,Isabella,Anderson,Davis,32,female,isabella.anderson@x.dummyjson.com,+49 770-658-4885,isabellad,isabelladpass,1993-6-10,https://dummyjson.com/icon/isabellad/128,New York,1964 Oak Street,Utah,89352
11,Liam,Garcia,,30,male,liam.garcia@x.dummyjson.com,+92 870-217-6201,liamg,liamgpass,1995-6-6,https://dummyjson.com/icon/liamg/128,Denver,576 Fifth Street,South Dakota,57252
12,Mia,Rodriguez,,25,female,mia.rodriguez@x.dummyjson.com,+49 989-461-8403,miar,miarpass,2000-8-4,https://dummyjson.com/icon/miar/128,Jacksonville,1627 Sixth Street,West Virginia,41810
13,Noah,Hernandez,,41,male,noah.hernandez@x.dummyjson.com,+49 393-605-6968,noahh,noahhpass,1984-6-5,https://dummyjson.com/icon/noahh/128,New York,1413 Maple Street,North Dakota,73696
14,Charlotte,Lopez,Martinez,37,female,charlotte.lopez@x.dummyjson.com,+44 373-953-5028,charlottem,charlottempass,1988-6-8,https://dummyjson.com/icon/charlottem/128,Columbus,208 Second Street,Ohio,42044
15,William,Gonzalez,,33,male,william.gonzalez@x.dummyjson.com,+81 905-252-7319,williamg,williamgpass,1992-3-27,https://dummyjson.com/icon/williamg/128,San Jose,31 Maple Street,Utah,78243
16,Avery,Perez,,26,female,avery.perez@x.dummyjson.com,+61 731-431-3457,averyp,averyppass,1999-3-10,https://dummyjson.com/icon/averyp/128,Columbus,1125 First Street,Iowa,30973
17,Evelyn,Sanchez,,38,female,evelyn.sanchez@x.dummyjson.com,+1 623-880-6871,evelyns,evelynspass,1987-10-13,https://dummyjson.com/icon/evelyns/128,San Diego,1170 Lincoln Street,Wyoming,43423
18,Logan,Torres,,32,male,logan.torres@x.dummyjson.com,+81 507-434-8733,logant,logantpass,1993-10-26,https://dummyjson.com/icon/logant/128,Columbus,907 Seventh Street,Arkansas,78805
19,Abigail,Rivera,,29,female,abigail.rivera@x.dummyjson.com,+91 228-363-7806,abigailr,abigailrpass,1996-10-11,https://dummyjson.com/icon/abigailr/128,Chicago,996 Oak Street,New Mexico,11407
20,Jackson,Evans,,35,male,jackson.evans@x.dummyjson.com,+44 468-628-6686,jacksone,jacksonepass,1990-11-30,https://dummyjson.com/icon/jacksone/128,New York,1873 Main Street,Arkansas,26600
21,Madison,Collins,,27,female,madison.collins@x.dummyjson.com,+81 259-957-5711,madisonc,madisoncpass,1998-3-7,https://dummyjson.com/icon/madisonc/128,Philadelphia,1892 Lincoln Street,New Jersey,62091
22,Elijah,Stewart,,34,male,elijah.stewart@x.dummyjson.com,+44 468-357-7872,elijahs,elijahspass,1991-10-22,https://dummyjson.com/icon/elijahs/128,Columbus,1701 Eighth Street,Illinois,31585
23,Chloe,Morales,,40,female,chloe.morales@x.dummyjson.com,+92 468-541-7133,chloem,chloempass,1985-4-21,https://dummyjson.com/icon/chloem/128,Dallas,401 Fourth Street,New Jersey,54972
24,Mateo,Nguyen,,31,male,mateo.nguyen@x.dummyjson.com,+1 341-597-6694,mateon,mateonpass,1994-6-2,https://dummyjson.com/icon/mateon/128,Columbus,1578 Fourth Street,Missouri,20673
25,Harper,Kelly,Evans,28,female,harper.kelly@x.dummyjson.com,+92 518-863-2863,harpere,harperepass,1997-3-3,https://dummyjson.com/icon/harpere/128,Philadelphia,1591 Adams Street,New York,69521
26,Evelyn,Gonzalez,,36,female,evelyn.gonzalez@x.dummyjson.com,+61 708-508-4638,evelyng,evelyngpass,1989-2-5,https://dummyjson.com/icon/evelyng/128,Dallas,1065 Lincoln Street,Maine,84898
27,Daniel,Cook,,42,male,daniel.cook@x.dummyjson.com,+44 254-761-6843,danielc,danielcpass,1983-12-25,https://dummyjson.com/icon/danielc/128,Los Angeles,1163 Pine Street,Nevada,58781
28,Lily,Lee,Brown,30,female,lily.lee@x.dummyjson.com,+1 808-757-9867,lilyb,lilybpass,1995-12-3,https://dummyjson.com/icon/lilyb/128,Phoenix,1946 Oak Street,Massachusetts,41540
29,Henry,Hill,,39,male,henry.hill@x.dummyjson.com,+1 240-833-4680,henryh,henryhpass,1986-8-19,https://dummyjson.com/icon/henryh/128,Indianapolis,1837 Maple Street,Delaware,81783
30,Addison,Wright,,33,female,addison.wright@x.dummyjson.com,+1 514-384-3300,addisonw,addisonwpass,1992-1-3,https://dummyjson.com/icon/addisonw/128,San Francisco,568 Tenth Street,Montana,54698
31,Gabriel,Adams,,37,male,gabriel.adams@x.dummyjson.com,+91 936-400-4116,gabriela,gabrielapass,1988-9-5,https://dummyjson.com/icon/gabriela/128,Charlotte,1814 Cedar Street,Indiana,21191
32,Natalie,Harris,,29,female,natalie.harris@x.dummyjson.com,+49 584-501-9302,natalieh,nataliehpass,1996-7-23,https://dummyjson.com/icon/natalieh/128,San Jose,356 Pine Street,Mississippi,31121
33,Carter,Baker,,32,male,carter.baker@x.dummyjson.com,+49 787-512-9117,carterb,carterbpass,1993-4-19,https://dummyjson.com/icon/carterb/128,Denver,625 Third Street,Oregon,74622
34,Sofia,Mitchell,,26,female,sofia.mitchell@x.dummyjson.com,+92 957-686-6804,sofiam,sofiampass,1999-11-18,https://dummyjson.com/icon/sofiam/128,San Francisco,21 Cedar Street,Oregon,42411
35,Jack,Ward,,30,male,jack.ward@x.dummyjson.com,+91 857-765-4373,jackw,jackwpass,1995-9-23,https://dummyjson.com/icon/jackw/128,Phoenix,164 Elm Street,Idaho,42061
36,Harper,Turner,,34,female,harper.turner@x.dummyjson.com,+49 980-340-5333,harpert,harpertpass,1991-1-14,https://dummyjson.com/icon/harpert/128,Dallas,1964 Fifth Street,Utah,63361
37,Mason,Parker,,35,male,mason.parker@x.dummyjson.com,+61 837-389-4095,masonp,masonppass,1990-4-20,https://dummyjson.com/icon/masonp/128,Seattle,419 Elm Street,Louisiana,20540
38,Aria,Roberts,,27,female,aria.roberts@x.dummyjson.com,+61 411-514-5320,ariar,ariarpass,1998-3-25,https://dummyjson.com/icon/ariar/128,Seattle,560 Fifth Street,Rhode Island,70664
39,Lucas,Gray,,31,male,lucas.gray@x.dummyjson.com,+44 687-435-7119,lucasg,lucasgpass,1994-4-6,https://dummyjson.com/icon/lucasg/128,Houston,590 Lincoln Street,Wisconsin,12506
40,Ella,Adams,,28,female,ella.adams@x.dummyjson.com,+1 450-865-6061,ellaa,ellaapass,1997-6-20,https://dummyjson.com/icon/ellaa/128,Washington,1420 First Street,Utah,85475
41,Evan,Reed,,33,male,evan.reed@x.dummyjson.com,+61 932-569-4853,evanr,evanrpass,1992-6-16,https://dummyjson.com/icon/evanr/128,San Antonio,98 Tenth Street,North Carolina,19937
42,Avery,Carter,,29,female,avery.carter@x.dummyjson.com,+44 254-655-6112,averyc,averycpass,1996-8-21,https://dummyjson.com/icon/averyc/128,San Diego,1999 Seventh Street,West Virginia,13916
43,Benjamin,Foster,,35,male,benjamin.foster@x.dummyjson.com,+61 333-911-3476,benjaminf,benjaminfpass,1990-11-1,https://dummyjson.com/icon/benjaminf/128,San Diego,25 Sixth Street,Delaware,48884
44,Scarlett,Wright,,27,female,scarlett.wright@x.dummyjson.com,+1 599-432-3048,scarlettw,scarlettwpass,1998-5-9,https://dummyjson.com/icon/scarlettw/128,Phoenix,1276 Cedar Street,Vermont,32823
45,Lincoln,Kelly,,31,male,lincoln.kelly@x.dummyjson.com,+49 680-666-9673,lincolnk,lincolnkpass,1994-1-12,https://dummyjson.com/icon/lincolnk/128,Columbus,108 Adams Street,Montana,51083
46,Hannah,Robinson,,30,female,hannah.robinson@x.dummyjson.com,+92 556-625-4398,hannahr,hannahrpass,1995-2-2,https://dummyjson.com/icon/hannahr/128,Phoenix,666 Fourth Street,West Virginia,82463
47,Nicholas,Bailey,,36,male,nicholas.bailey@x.dummyjson.com,+49 212-856-4272,nicholasb,nicholasbpass,1989-6-14,https://dummyjson.com/icon/nicholasb/128,Chicago,55 Madison Street,Rhode Island,58331
48,Luna,Russell,,28,female,luna.russell@x.dummyjson.com,+91 730-486-3735,lunar,lunarpass,1997-6-18,https://dummyjson.com/icon/lunar/128,San Diego,968 Elm Street,Colorado,64610
49,Jacob,Cooper,,32,male,jacob.cooper@x.dummyjson.com,+91 322-775-7582,jacobc,jacobcpass,1993-12-21,https://dummyjson.com/icon/jacobc/128,Columbus,1419 Pine Street,Montana,61227
50,Stella,Hughes,,34,female,stella.hughes@x.dummyjson.com,+92 378-326-3439,stellah,stellahpass,1991-11-6,https://dummyjson.com/icon/stellah/128,Jacksonville,926 Elm Street,New Hampshire,24463
51,Eli,Bennett,,30,male,eli.bennett@x.dummyjson.com,+1 465-379-7226,elib,elibpass,1995-9-17,https://dummyjson.com/icon/elib/128,Jacksonville,1423 Main Street,Idaho,34271
52,Grace,Perry,,27,female,grace.perry@x.dummyjson.com,+49 550-430-8269,gracep,graceppass,1998-12-23,https://dummyjson.com/icon/gracep/128,Seattle,1957 Cedar Street,Pennsylvania,61720
53,Lucas,Gordon,,36,male,lucas.gordon@x.dummyjson.com,+81 367-320-4960,lucasgx,lucasgxpass,1989-9-11,https://dummyjson.com/icon/lucasgx/128,Los Angeles,1386 Third Street,Rhode Island,37169
54,Ava,Harrison,,29,female,ava.harrison@x.dummyjson.com,+44 926-778-4653,avah,avahpass,1996-4-22,https://dummyjson.com/icon/avah/128,San Antonio,1094 Adams Street,Vermont,14336
55,Owen,Fisher,,32,male,owen.fisher@x.dummyjson.com,+49 328-635-8057,owenf,owenfpass,1993-6-26,https://dummyjson.com/icon/owenf/128,Chicago,1486 Second Street,Nevada,54304
56,Samantha,Howard,,31,female,samantha.howard@x.dummyjson.com,+91 458-289-9756,samanthah,samanthahpass,1994-6-17,https://dummyjson.com/icon/samanthah/128,Austin,1506 Jefferson Street,Alaska,20118
57,Nathan,Dixon,,35,male,nathan.dixon@x.dummyjson.com,+44 540-488-4436,nathand,nathandpass,1990-11-10,https://dummyjson.com/icon/nathand/128,Columbus,1795 Seventh Street,Utah,20882
58,Bella,Grant,,28,female,bella.grant@x.dummyjson.com,+92 896-206-1901,bellag,bellagpass,1997-3-15,https://dummyjson.com/icon/bellag/128,Dallas,447 Ninth Street,Mississippi,40138
59,Ethan,Fletcher,,34,male,ethan.fletcher@x.dummyjson.com,+1 251-564-2643,ethanf,ethanfpass,1991-5-1,https://dummyjson.com/icon/ethanf/128,Dallas,789 Main Street,Arkansas,87924
60,Lillian,Simmons,,33,female,lillian.simmons@x.dummyjson.com,+61 857-625-2029,lillians,lillianspass,1992-3-9,https://dummyjson.com/icon/lillians/128,Phoenix,1577 Seventh Street,Minnesota,47571
61,Mason,Pearson,,29,male,mason.pearson@x.dummyjson.com,+1 394-401-1757,masonpx,masonpxpass,1996-5-9,https://dummyjson.com/icon/masonpx/128,Phoenix,14 Main Street,Idaho,82481
62,Leah,Henderson,,27,female,leah.henderson@x.dummyjson.com,+91 453-220-4258,leahh,leahhpass,1998-8-19,https://dummyjson.com/icon/leahh/128,Austin,554 Seventh Street,Wyoming,42884
63,Logan,Lawson,,34,male,logan.lawson@x.dummyjson.com,+1 750-526-9455,loganl,loganlpass,1991-8-5,https://dummyjson.com/icon/loganl/128,Chicago,1110 Fifth Street,Minnesota,10672
64,Avery,Barnes,,30,female,avery.barnes@x.dummyjson.com,+91 207-801-7417,averyb,averybpass,1995-2-5,https://dummyjson.com/icon/averyb/128,Philadelphia,466 Sixth Street,Connecticut,61359
65,Caleb,Perkins,,31,male,caleb.perkins@x.dummyjson.com,+81 351-413-9369,calebp,calebppass,1994-7-28,https://dummyjson.com/icon/calebp/128,Los Angeles,1078 Sixth Street,South Carolina,12319
66,Aria,Ferguson,,28,female,aria.ferguson@x.dummyjson.com,+44 434-406-8551,ariaf,ariafpass,1997-6-1,https://dummyjson.com/icon/ariaf/128,San Diego,1553 Sixth Street,Wyoming,59501
67,Gabriel,Hayes,,35,male,gabriel.hayes@x.dummyjson.com,+61 386-511-8949,gabrielh,gabrielhpass,1990-4-8,https://dummyjson.com/icon/gabrielh/128,San Jose,240 Jefferson Street,Minnesota,63269
68,Layla,Sullivan,,26,female,layla.sullivan@x.dummyjson.com,+92 657-388-7474,laylas,laylaspass,1999-10-3,https://dummyjson.com/icon/laylas/128,Denver,639 Fourth Street,Arizona,56891
69,Christopher,West,,32,male,christopher.west@x.dummyjson.com,+49 968-571-2475,christopherw,christopherwpass,1993-11-16,https://dummyjson.com/icon/christopherw/128,Denver,1656 Eighth Street,Pennsylvania,63011
70,Zoe,Nicholson,,33,female,zoe.nicholson@x.dummyjson.com,+49 638-976-6904,zoen,zoenpass,1992-12-24,https://dummyjson.com/icon/zoen/128,Jacksonville,1705 Pine Street,Kansas,39449
71,Nolan,Bryant,,30,male,nolan.bryant@x.dummyjson.com,+44 618-916-5243,nolanb,nolanbpass,1995-12-7,https://dummyjson.com/icon/nolanb/128,Jacksonville,236 Lincoln Street,Nevada,56830
72,Victoria,McDonald,,28,female,victoria.mcdonald@x.dummyjson.com,+91 624-944-2089,victoriam,victoriampass,1997-9-16,https://dummyjson.com/icon/victoriam/128,Austin,244 Second Street,Missouri,39608
73,Max,Russell,,35,male,max.russell@x.dummyjson.com,+44 663-850-4302,maxr,maxrpass,1990-4-19,https://dummyjson.com/icon/maxr/128,Chicago,1813 Ninth Street,Oklahoma,46278
74,Penelope,Harper,,29,female,penelope.harper@x.dummyjson.com,+44 907-679-1302,penelopeh,penelopehpass,1996-9-14,https://dummyjson.com/icon/penelopeh/128,Charlotte,571 Washington Street,Pennsylvania,26857
75,Ryan,Graham,,32,male,ryan.graham@x.dummyjson.com,+92 260-518-7256,ryang,ryangpass,1993-10-2,https://dummyjson.com/icon/ryang/128,San Antonio,1858 Madison Street,Tennessee,44329
76,Madeline,Simpson,,27,female,madeline.simpson@x.dummyjson.com,+44 371-964-4017,madelines,madelinespass,1998-12-1,https://dummyjson.com/icon/madelines/128,Los Angeles,1466 Oak Street,New Jersey,29730
77,Jonathan,Pierce,,34,male,jonathan.pierce@x.dummyjson.com,+61 456-307-5568,jonathanp,jonathanppass,1991-9-25,https://dummyjson.com/icon/jonathanp/128,San Diego,1110 Seventh Street,Ohio,34379
78,Eleanor,Tyler,,31,female,eleanor.tyler@x.dummyjson.com,+1 232-621-9938,eleanort,eleanortpass,1994-10-26,https://dummyjson.com/icon/eleanort/128,San Antonio,439 Pine Street,New Hampshire,64622
79,Isaac,Lawrence,,33,male,isaac.lawrence@x.dummyjson.com,+81 693-260-7234,isaacl,isaaclpass,1992-1-6,https://dummyjson.com/icon/isaacl/128,Austin,1581 Oak Street,North Dakota,62609
80,Hazel,Gardner,,28,female,hazel.gardner@x.dummyjson.com,+91 688-478-9459,hazelg,hazelgpass,1997-9-18,https://dummyjson.com/icon/hazelg/128,New York,756 Washington Street,Kentucky,35181
81,Austin,Hudson,,30,male,austin.hudson@x.dummyjson.com,+81 405-412-4250,austinh,austinhpass,1995-5-1,https://dummyjson.com/icon/austinh/128,Los Angeles,1468 Eighth Street,Maryland,64305
82,Lillian,Bishop,,27,female,lillian.bishop@x.dummyjson.com,+92 538-589-5885,lillianb,lillianbpass,1998-8-2,https://dummyjson.com/icon/lillianb/128,Jacksonville,1959 Lincoln Street,Minnesota,79154
83,Dylan,Wells,,35,male,dylan.wells@x.dummyjson.com,+49 659-638-1106,dylanw,dylanwpass,1990-11-7,https://dummyjson.com/icon/dylanw/128,Philadelphia,816 Sixth Street,West Virginia,54522
84,Aaliyah,Hanson,,29,female,aaliyah.hanson@x.dummyjson.com,+1 275-501-1119,aaliyahh,aaliyahhpass,1996-3-20,https://dummyjson.com/icon/aaliyahh/128,Philadelphia,790 Eighth Street,North Dakota,51438
85,Cameron,Burke,,32,male,cameron.burke@x.dummyjson.com,+1 976-686-7996,cameronb,cameronbpass,1993-2-28,https://dummyjson.com/icon/cameronb/128,Denver,1192 Adams Street,South Dakota,32940
86,Nora,Mills,,27,female,nora.mills@x.dummyjson.com,+44 767-262-6860,noram,norampass,1998-9-18,https://dummyjson.com/icon/noram/128,San Jose,940 Oak Street,Kansas,51983
87,Hunter,Gordon,,34,male,hunter.gordon@x.dummyjson.com,+1 986-988-5297,hunterg,huntergpass,1991-2-8,https://dummyjson.com/icon/hunterg/128,Charlotte,614 Third Street,Florida,77521
88,Aubrey,Wagner,,31,female,aubrey.wagner@x.dummyjson.com,+81 285-568-5834,aubreyw,aubreywpass,1994-4-1,https://dummyjson.com/icon/aubreyw/128,Phoenix,1147 Adams Street,North Carolina,72711
89,Brayden,Fleming,,33,male,brayden.fleming@x.dummyjson.com,+1 404-382-1778,braydenf,braydenfpass,1992-7-20,https://dummyjson.com/icon/braydenf/128,Jacksonville,328 Second Street,Arkansas,30822
90,Scarlett,Bowman,,28,female,scarlett.bowman@x.dummyjson.com,+44 928-549-7517,scarlettb,scarlettbpass,1997-2-26,https://dummyjson.com/icon/scarlettb/128,New York,1108 Madison Street,New Jersey,63825
91,Levi,Hicks,,30,male,levi.hicks@x.dummyjson.com,+92 931-753-3850,levih,levihpass,1995-5-19,https://dummyjson.com/icon/levih/128,Phoenix,1836 Pine Street,West Virginia,74747
92,Autumn,Gomez,,27,female,autumn.gomez@x.dummyjson.com,+1 340-455-2897,autumng,autumngpass,1998-2-1,https://dummyjson.com/icon/autumng/128,Dallas,1585 Washington Street,Illinois,53203
93,Julian,Newton,,35,male,julian.newton@x.dummyjson.com,+92 865-328-8737,juliann,juliannpass,1990-7-2,https://dummyjson.com/icon/juliann/128,Fort Worth,565 First Street,Iowa,33623
94,Ruby,Andrews,,29,female,ruby.andrews@x.dummyjson.com,+1 343-203-7912,rubya,rubyapass,1996-7-7,https://dummyjson.com/icon/rubya/128,Dallas,800 Adams Street,Texas,85259
95,Miles,Stevenson,,32,male,miles.stevenson@x.dummyjson.com,+49 708-659-4394,miless,milesspass,1993-3-1,https://dummyjson.com/icon/miless/128,Charlotte,1778 Tenth Street,Montana,29192
96,Aurora,Lawson,,27,female,aurora.lawson@x.dummyjson.com,+92 802-452-4192,auroral,auroralpass,1998-6-16,https://dummyjson.com/icon/auroral/128,Dallas,1140 Adams Street,Minnesota,29004
97,Oscar,Powers,,34,male,oscar.powers@x.dummyjson.com,+61 929-572-1408,oscarp,oscarppass,1991-9-7,https://dummyjson.com/icon/oscarp/128,Charlotte,1948 Jefferson Street,Vermont,12263
98,Clara,Berry,,31,female,clara.berry@x.dummyjson.com,+1 390-831-5172,clarab,clarabpass,1994-2-13,https://dummyjson.com/icon/clarab/128,Seattle,1577 Jefferson Street,Montana,41818
99,Gavin,Stanley,,33,male,gavin.stanley@x.dummyjson.com,+44 466-358-6026,gavins,gavinspass,1992-3-17,https://dummyjson.com/icon/gavins/128,Houston,1898 Second Street,Mississippi,85234
100,Lila,Hudson,,28,female,lila.hudson@x.dummyjson.com,+91 697-236-1544,lilah,lilahpass,1997-9-1,https://dummyjson.com/icon/lilah/128,Chicago,262 Ninth Street,Nevada,17472
101,Alice,Smith,Johnson,29,female,alice.smith@x.dummyjson.com,+61 611-556-8989,alicej,alicejpass,1996-9-8,https://dummyjson.com/icon/alicej/128,Houston,1631 Fourth Street,Arkansas,81896
102,John,Doe,,36,male,john.doe@x.dummyjson.com,+44 242-757-6754,johnd,johndpass,1989-2-20,https://dummyjson.com/icon/johnd/128,Fort Worth,37 Second Street,New York,33991
103,Emily,Brown,Taylor,43,female,emily.brown@x.dummyjson.com,+61 875-999-8871,emilyt,emilytpass,1982-12-5,https://dummyjson.com/icon/emilyt/128,Houston,1962 Fourth Street,Hawaii,67104
104,Michael,Johnson,,25,male,michael.johnson@x.dummyjson.com,+92 290-825-4767,michaelj,michaeljpass,2000-1-6,https://dummyjson.com/icon/michaelj/128,Phoenix,1252 Washington Street,Maryland,64002
105,Emma,Wilson,Clark,32,female,emma.wilson@x.dummyjson.com,+49 933-975-3236,emmac,emmacpass,1993-6-2,https://dummyjson.com/icon/emmac/128,New York,888 Lincoln Street,Kansas,85313
106,David,Martinez,,40,male,david.martinez@x.dummyjson.com,+1 846-350-3024,davidm,davidmpass,1985-6-11,https://dummyjson.com/icon/davidm/128,Seattle,510 Pine Street,New Jersey,75448
107,Olivia,Anderson,Harris,30,female,olivia.anderson@x.dummyjson.com,+44 952-688-2836,oliviah,oliviahpass,1995-6-23,https://dummyjson.com/icon/oliviah/128,Houston,466 Cedar Street,Vermont,37773
108,James,Garcia,,46,male,james.garcia@x.dummyjson.com,+1 958-844-1106,jamesg,jamesgpass,1979-11-29,https://dummyjson.com/icon/jamesg/128,Washington,41 Maple Street,Maryland,54618
109,Sophia,Jones,Moore,34,female,sophia.jones@x.dummyjson.com,+92 230-523-9981,sophiam,sophiampass,1991-5-21,https://dummyjson.com/icon/sophiam/128,Phoenix,895 Sixth Street,Georgia,24752
110,Daniel,Taylor,,28,male,daniel.taylor@x.dummyjson.com,+92 944-656-6731,danielt,danieltpass,1997-12-21,https://dummyjson.com/icon/danielt/128,San Francisco,339 Pine Street,Virginia,14050
111,Isabella,Jackson,White,37,female,isabella.jackson@x.dummyjson.com,+44 398-882-4460,isabellaw,isabellawpass,1988-12-26,https://dummyjson.com/icon/isabellaw/128,Charlotte,200 Pine Street,Connecticut,80531
112,Alexander,Hernandez,,42,male,alexander.hernandez@x.dummyjson.com,+49 410-245-8608,alexanderh,alexanderhpass,1983-7-4,https://dummyjson.com/icon/alexanderh/128,Dallas,329 Second Street,Idaho,49314
113,Mia,Miller,Martin,26,female,mia.miller@x.dummyjson.com,+1 484-466-3879,miam,miampass,1999-7-10,https://dummyjson.com/icon/miam/128,Denver,1706 First Street,Michigan,43350
114,Ethan,Thompson,,33,male,ethan.thompson@x.dummyjson.com,+1 872-403-3499,ethant,ethantpass,1992-1-10,https://dummyjson.com/icon/ethant/128,Dallas,1497 Tenth Street,Tennessee,38792
115,Charlotte,Davis,Brown,39,female,charlotte.davis@x.dummyjson.com,+91 908-214-6224,charlotteb,charlottebpass,1986-1-18,https://dummyjson.com/icon/charlotteb/128,Fort Worth,1787 Sixth Street,Massachusetts,41530
116,William,Lopez,,27,male,william.lopez@x.dummyjson.com,+49 254-368-2317,williaml,williamlpass,1998-11-1,https://dummyjson.com/icon/williaml/128,Washington,566 Madison Street,Arkansas,28272
117,Amelia,Perez,Gonzalez,44,female,amelia.perez@x.dummyjson.com,+49 751-988-9521,ameliag,ameliagpass,1981-1-29,https://dummyjson.com/icon/ameliag/128,New York,25 Elm Street,New Hampshire,88314
118,Benjamin,Wilson,,31,male,benjamin.wilson@x.dummyjson.com,+91 482-329-9835,benjaminw,benjaminwpass,1994-3-11,https://dummyjson.com/icon/benjaminw/128,Philadelphia,1469 Elm Street,New Hampshire,47295
119,Liam,Gonzalez,Rodriguez,35,male,liam.gonzalez@x.dummyjson.com,+1 803-794-6247,liamr,liamrpass,1990-9-14,https://dummyjson.com/icon/liamr/128,Columbus,1628 Adams Street,New Hampshire,31018
120,Evelyn,Walker,Flores,38,female,evelyn.walker@x.dummyjson.com,+44 478-401-7533,evelynf,evelynfpass,1987-8-24,https://dummyjson.com/icon/evelynf/128,Phoenix,310 Madison Street,Arizona,16437
121,Ava,Harris,,30,female,ava.harris@x.dummyjson.com,+44 422-227-6412,avahx,avahxpass,1995-8-26,https://dummyjson.com/icon/avahx/128,San Antonio,518 Elm Street,Florida,35171
122,Liam,Smith,Thomas,45,male,liam.smith@x.dummyjson.com,+44 293-526-4966,liamt,liamtpass,1980-11-24,https://dummyjson.com/icon/liamt/128,Jacksonville,781 Jefferson Street,Vermont,34638
123,Harper,King,Baker,24,female,harper.king@x.dummyjson.com,+92 865-719-5676,harperb,harperbpass,2001-6-17,https://dummyjson.com/icon/harperb/128,Phoenix,881 Lincoln Street,Washington,60136
124,Noah,Lewis,,40,male,noah.lewis@x.dummyjson.com,+61 396-867-4229,noahl,noahlpass,1985-6-9,https://dummyjson.com/icon/noahl/128,Denver,41 Fifth Street,Alabama,42655
125,Logan,Lee,,46,male,logan.lee@x.dummyjson.com,+92 231-690-1885,loganlx,loganlxpass,1979-10-18,https://dummyjson.com/icon/loganlx/128,Los Angeles,474 Washington Street,Oregon,85616
126,Avery,Scott,Adams,28,female,avery.scott@x.dummyjson.com,+91 965-669-9087,averya,averyapass,1997-10-13,https://dummyjson.com/icon/averya/128,New York,1766 Jefferson Street,Arizona,18065
127,Mason,Wright,,41,male,mason.wright@x.dummyjson.com,+61 251-806-5947,masonw,masonwpass,1984-5-17,https://dummyjson.com/icon/masonw/128,Indianapolis,1195 Main Street,Tennessee,44469
128,Grace,Green,Evans,36,female,grace.green@x.dummyjson.com,+91 339-788-2388,gracee,graceepass,1989-2-4,https://dummyjson.com/icon/gracee/128,Los Angeles,1415 Oak Street,Nevada,85922
129,Lucas,Allen,,27,male,lucas.allen@x.dummyjson.com,+61 831-566-3134,lucasa,lucasapass,1998-11-1,https://dummyjson.com/icon/lucasa/128,Jacksonville,1160 Eighth Street,New Mexico,78335
130,Chloe,Roberts,Price,42,female,chloe.roberts@x.dummyjson.com,+44 900-399-5847,chloep,chloeppass,1983-4-8,https://dummyjson.com/icon/chloep/128,San Jose,1976 Elm Street,Arkansas,83671
131,Jackson,Morales,,34,male,jackson.morales@x.dummyjson.com,+1 685-561-9154,jacksonm,jacksonmpass,1991-9-18,https://dummyjson.com/icon/jacksonm/128,Austin,1549 Main Street,Arkansas,23595
132,Zoe,Bennett,Carter,29,female,zoe.bennett@x.dummyjson.com,+44 944-423-6651,zoec,zoecpass,1996-5-11,https://dummyjson.com/icon/zoec/128,San Jose,1252 Seventh Street,Utah,50908
133,Carter,Rivera,,38,male,carter.rivera@x.dummyjson.com,+92 500-957-1453,carterr,carterrpass,1987-1-19,https://dummyjson.com/icon/carterr/128,Phoenix,89 Main Street,South Carolina,59420
134,Nora,Russell,Morgan,25,female,nora.russell@x.dummyjson.com,+81 415-979-9594,noramx,noramxpass,2000-3-30,https://dummyjson.com/icon/noramx/128,Charlotte,1915 Elm Street,West Virginia,77947
135,Elijah,Cruz,,30,male,elijah.cruz@x.dummyjson.com,+1 613-532-2557,elijahc,elijahcpass,1995-1-23,https://dummyjson.com/icon/elijahc/128,Seattle,583 Second Street,North Dakota,26483
136,Madison,Stewart,Kelly,37,female,madison.stewart@x.dummyjson.com,+61 455-829-5048,madisonk,madisonkpass,1988-5-15,https://dummyjson.com/icon/madisonk/128,Indianapolis,823 Sixth Street,Arkansas,66305
137,Gabriel,Bailey,,43,male,gabriel.bailey@x.dummyjson.com,+91 970-512-5684,gabrielb,gabrielbpass,1982-11-22,https://dummyjson.com/icon/gabrielb/128,Philadelphia,1001 Fifth Street,New Mexico,39924
138,Lily,Torres,Lopez,32,female,lily.torres@x.dummyjson.com,+91 610-954-3059,lilyl,lilylpass,1993-8-22,https://dummyjson.com/icon/lilyl/128,Chicago,1007 Lincoln Street,Illinois,44296
139,Elijah,Hill,,27,male,elijah.hill@x.dummyjson.com,+91 906-692-9655,elijahh,elijahhpass,1998-8-25,https://dummyjson.com/icon/elijahh/128,Los Angeles,1842 Eighth Street,Maine,47017
140,Hannah,Howard,Graham,36,female,hannah.howard@x.dummyjson.com,+1 884-326-8478,hannahg,hannahgpass,1989-10-15,https://dummyjson.com/icon/hannahg/128,Indianapolis,783 Fifth Street,Indiana,72695
141,Owen,Sullivan,,44,male,owen.sullivan@x.dummyjson.com,+91 438-781-6749,owens,owenspass,1981-1-2,https://dummyjson.com/icon/owens/128,Charlotte,1487 Maple Street,Mississippi,78780
142,Aria,Parker,Miller,28,female,aria.parker@x.dummyjson.com,+91 762-847-6884,ariam,ariampass,1997-7-6,https://dummyjson.com/icon/ariam/128,Phoenix,1504 Tenth Street,Alabama,16573
143,Grayson,Coleman,,31,male,grayson.coleman@x.dummyjson.com,+61 238-607-2286,graysonc,graysoncpass,1994-12-15,https://dummyjson.com/icon/graysonc/128,San Francisco,328 Fifth Street,Illinois,82802
144,Ella,Cook,Robinson,39,female,ella.cook@x.dummyjson.com,+91 736-763-5452,ellar,ellarpass,1986-10-28,https://dummyjson.com/icon/ellar/128,Fort Worth,624 Sixth Street,New Hampshire,49323
145,Luke,Cooper,,26,male,luke.cooper@x.dummyjson.com,+61 347-869-6758,lukec,lukecpass,1999-4-20,https://dummyjson.com/icon/lukec/128,San Antonio,355 Ninth Street,Maryland,36126
146,Leah,Hughes,Perez,33,female,leah.hughes@x.dummyjson.com,+1 935-838-3386,leahp,leahppass,1992-6-2,https://dummyjson.com/icon/leahp/128,Indianapolis,1329 Sixth Street,Indiana,66061
147,Henry,Turner,,45,male,henry.turner@x.dummyjson.com,+1 374-470-5082,henryt,henrytpass,1980-6-12,https://dummyjson.com/icon/henryt/128,Philadelphia,201 Sixth Street,Ohio,41914
148,Aurora,Barnes,Gomez,30,female,aurora.barnes@x.dummyjson.com,+91 403-842-9683,aurorag,auroragpass,1995-12-15,https://dummyjson.com/icon/aurorag/128,New York,1184 Adams Street,Idaho,19201
149,Wyatt,Perry,,35,male,wyatt.perry@x.dummyjson.com,+81 370-801-1294,wyattp,wyattppass,1990-5-23,https://dummyjson.com/icon/wyattp/128,Charlotte,1864 Oak Street,Wisconsin,26451
150,Stella,Morris,Sanchez,40,female,stella.morris@x.dummyjson.com,+1 202-954-5884,stellas,stellaspass,1985-3-15,https://dummyjson.com/icon/stellas/128,San Diego,257 Ninth Street,Rhode Island,80524
151,Nathan,Reed,,29,male,nathan.reed@x.dummyjson.com,+1 448-642-4577,nathanr,nathanrpass,1996-12-26,https://dummyjson.com/icon/nathanr/128,Los Angeles,82 Cedar Street,Utah,73204
152,Paisley,Bell,Flores,44,female,paisley.bell@x.dummyjson.com,+81 744-537-2238,paisleyf,paisleyfpass,1981-5-10,https://dummyjson.com/icon/paisleyf/128,San Diego,541 Elm Street,Delaware,49147
153,Christian,Perez,,32,male,christian.perez@x.dummyjson.com,+91 223-371-4471,christianp,christianppass,1993-7-24,https://dummyjson.com/icon/christianp/128,Chicago,1013 Madison Street,Iowa,35579
154,Bella,Gonzalez,Adams,27,female,bella.gonzalez@x.dummyjson.com,+81 213-723-5694,bellaa,bellaapass,1998-6-17,https://dummyjson.com/icon/bellaa/128,Jacksonville,1447 Main Street,New York,65463
155,Nicholas,Edwards,,42,male,nicholas.edwards@x.dummyjson.com,+44 983-891-6014,nicholase,nicholasepass,1983-1-13,https://dummyjson.com/icon/nicholase/128,Chicago,1796 First Street,North Carolina,25035
156,Mila,Hernandez,Mitchell,34,female,mila.hernandez@x.dummyjson.com,+49 893-855-2896,milam,milampass,1991-8-18,https://dummyjson.com/icon/milam/128,Seattle,1454 Oak Street,New Mexico,46438
157,Aaron,Cook,,28,male,aaron.cook@x.dummyjson.com,+81 362-539-6973,aaronc,aaroncpass,1997-1-26,https://dummyjson.com/icon/aaronc/128,Phoenix,169 First Street,Wyoming,52331
158,Aubrey,Gutierrez,Baker,37,female,aubrey.gutierrez@x.dummyjson.com,+92 881-268-9845,aubreyb,aubreybpass,1988-2-19,https://dummyjson.com/icon/aubreyb/128,Philadelphia,1207 Oak Street,Connecticut,78892
159,Eli,Ward,,31,male,eli.ward@x.dummyjson.com,+92 770-978-9439,eliw,eliwpass,1994-4-24,https://dummyjson.com/icon/eliw/128,Columbus,850 Fourth Street,Connecticut,67863
160,Claire,Foster,Stewart,30,female,claire.foster@x.dummyjson.com,+81 570-848-1400,claires,clairespass,1995-2-24,https://dummyjson.com/icon/claires/128,San Jose,981 Pine Street,Massachusetts,33308
161,James,Gonzales,,45,male,james.gonzales@x.dummyjson.com,+92 970-896-7544,jamesgx,jamesgxpass,1980-9-5,https://dummyjson.com/icon/jamesgx/128,Seattle,1535 Cedar Street,Montana,32066
162,Mateo,Bennett,,29,male,mateo.bennett@x.dummyjson.com,+91 232-996-1168,mateob,mateobpass,1996-8-8,https://dummyjson.com/icon/mateob/128,Jacksonville,365 Washington Street,Connecticut,61459
163,Julian,James,,25,male,julian.james@x.dummyjson.com,+92 871-230-2864,julianj,julianjpass,2000-8-15,https://dummyjson.com/icon/julianj/128,Charlotte,1000 Fourth Street,Nebraska,25690
164,Addison,Ward,Foster,30,female,addison.ward@x.dummyjson.com,+1 248-875-1802,addisonf,addisonfpass,1995-8-23,https://dummyjson.com/icon/addisonf/128,San Francisco,1320 Fifth Street,South Carolina,20149
165,Leo,Rivera,,37,male,leo.rivera@x.dummyjson.com,+44 625-386-6730,leor,leorpass,1988-7-29,https://dummyjson.com/icon/leor/128,Fort Worth,792 Adams Street,Vermont,16848
166,Elena,Long,Mitchell,43,female,elena.long@x.dummyjson.com,+91 697-839-3216,elenam,elenampass,1982-4-4,https://dummyjson.com/icon/elenam/128,San Jose,1883 Lincoln Street,New York,29766
167,Evan,Wright,,32,male,evan.wright@x.dummyjson.com,+92 329-343-8617,evanw,evanwpass,1993-6-24,https://dummyjson.com/icon/evanw/128,San Jose,1192 Seventh Street,Wisconsin,20257
168,Luna,Perez,Hernandez,27,female,luna.perez@x.dummyjson.com,+92 202-261-2116,lunah,lunahpass,1998-10-8,https://dummyjson.com/icon/lunah/128,San Diego,437 First Street,Arizona,56628
169,Jaxon,Barnes,,42,male,jaxon.barnes@x.dummyjson.com,+92 263-713-5362,jaxonb,jaxonbpass,1983-7-16,https://dummyjson.com/icon/jaxonb/128,Indianapolis,1965 Washington Street,Colorado,56080
170,Penelope,King,Taylor,34,female,penelope.king@x.dummyjson.com,+44 802-959-3104,penelopet,penelopetpass,1991-1-27,https://dummyjson.com/icon/penelopet/128,Los Angeles,1002 Eighth Street,New Hampshire,35724
171,Connor,Baker,,28,male,connor.baker@x.dummyjson.com,+49 638-260-8907,connorb,connorbpass,1997-2-2,https://dummyjson.com/icon/connorb/128,Indianapolis,910 Adams Street,Louisiana,37331
172,Ariana,Ross,Ward,37,female,ariana.ross@x.dummyjson.com,+61 393-553-7155,arianaw,arianawpass,1988-9-26,https://dummyjson.com/icon/arianaw/128,Chicago,911 First Street,West Virginia,59220
173,Asher,Scott,,31,male,asher.scott@x.dummyjson.com,+81 469-421-7639,ashers,asherspass,1994-8-18,https://dummyjson.com/icon/ashers/128,Dallas,666 Main Street,Vermont,82460
174,Sadie,Morales,Perez,30,female,sadie.morales@x.dummyjson.com,+61 203-600-1121,sadiep,sadieppass,1995-2-9,https://dummyjson.com/icon/sadiep/128,Seattle,702 Fifth Street,Wisconsin,44232
175,Gabriel,Mitchell,,45,male,gabriel.mitchell@x.dummyjson.com,+81 861-548-2844,gabrielm,gabrielmpass,1980-8-18,https://dummyjson.com/icon/gabrielm/128,Charlotte,1698 Ninth Street,Mississippi,14149
176,Aaliyah,Martinez,Adams,29,female,aaliyah.martinez@x.dummyjson.com,+91 862-924-5336,aaliyaha,aaliyahapass,1996-2-2,https://dummyjson.com/icon/aaliyaha/128,New York,935 Fifth Street,West Virginia,60165
177,Xavier,Wright,,38,male,xavier.wright@x.dummyjson.com,+91 561-239-9006,xavierw,xavierwpass,1987-1-11,https://dummyjson.com/icon/xavierw/128,Jacksonville,1497 Eighth Street,Maryland,37262
178,Savannah,Gomez,Evans,26,female,savannah.gomez@x.dummyjson.com,+92 242-841-6772,savannahe,savannahepass,1999-2-16,https://dummyjson.com/icon/savannahe/128,Austin,1410 Main Street,Mississippi,20453
179,Tyler,Davis,,43,male,tyler.davis@x.dummyjson.com,+92 633-378-5551,tylerd,tylerdpass,1982-5-21,https://dummyjson.com/icon/tylerd/128,Columbus,1859 Elm Street,Wisconsin,59597
180,Aurora,Rodriguez,Nelson,32,female,aurora.rodriguez@x.dummyjson.com,+61 393-225-2755,auroran,auroranpass,1993-11-23,https://dummyjson.com/icon/auroran/128,Chicago,1388 Madison Street,Missouri,60765
181,Brandon,Collins,,27,male,brandon.collins@x.dummyjson.com,+91 994-732-2700,brandonc,brandoncpass,1998-1-19,https://dummyjson.com/icon/brandonc/128,Dallas,374 First Street,Delaware,62698
182,Ellie,Stewart,Hill,42,female,ellie.stewart@x.dummyjson.com,+1 901-445-7668,ellieh,elliehpass,1983-11-2,https://dummyjson.com/icon/ellieh/128,Philadelphia,1700 Cedar Street,Idaho,25365
183,Cameron,Perez,,34,male,cameron.perez@x.dummyjson.com,+91 275-868-7103,cameronp,cameronppass,1991-9-2,https://dummyjson.com/icon/cameronp/128,San Jose,1179 Second Street,Georgia,51464
184,Natalie,Price,Hernandez,29,female,natalie.price@x.dummyjson.com,+91 273-928-7633,nataliehx,nataliehxpass,1996-10-9,https://dummyjson.com/icon/nataliehx/128,Washington,1403 Lincoln Street,Maryland,76767
185,Henry,Adams,,45,male,henry.adams@x.dummyjson.com,+61 715-487-1979,henrya,henryapass,1980-7-14,https://dummyjson.com/icon/henrya/128,Dallas,151 Oak Street,Georgia,78616
186,Harper,Garcia,Bell,30,female,harper.garcia@x.dummyjson.com,+92 230-235-4683,harperbx,harperbxpass,1995-5-5,https://dummyjson.com/icon/harperbx/128,Los Angeles,905 Ninth Street,Michigan,33556
187,Zachary,Lee,,37,male,zachary.lee@x.dummyjson.com,+61 382-295-6973,zacharyl,zacharylpass,1988-12-26,https://dummyjson.com/icon/zacharyl/128,Dallas,1532 Third Street,Alabama,60280
188,Aria,Flores,Martin,26,female,aria.flores@x.dummyjson.com,+61 415-771-8232,ariamx,ariamxpass,1999-11-8,https://dummyjson.com/icon/ariamx/128,Indianapolis,492 Pine Street,Tennessee,71284
189,Tristan,Scott,,31,male,tristan.scott@x.dummyjson.com,+44 401-329-9855,tristans,tristanspass,1994-12-2,https://dummyjson.com/icon/tristans/128,San Diego,407 Tenth Street,Arkansas,74135
190,Leah,Gutierrez,Wright,32,female,leah.gutierrez@x.dummyjson.com,+1 300-470-3376,leahw,leahwpass,1993-6-22,https://dummyjson.com/icon/leahw/128,Denver,370 Fifth Street,Michigan,70175
191,Layla,Young,Brown,42,female,layla.young@x.dummyjson.com,+44 224-805-7678,laylab,laylabpass,1983-4-30,https://dummyjson.com/icon/laylab/128,Houston,856 Third Street,Florida,49221
192,Nolan,Gonzalez,,34,male,nolan.gonzalez@x.dummyjson.com,+49 666-608-6933,nolang,nolangpass,1991-6-11,https://dummyjson.com/icon/nolang/128,San Francisco,688 Eighth Street,Vermont,41010
193,Hazel,Evans,Collins,29,female,hazel.evans@x.dummyjson.com,+92 319-405-4110,hazelc,hazelcpass,1996-8-11,https://dummyjson.com/icon/hazelc/128,Dallas,855 Jefferson Street,South Dakota,49273
194,Brayden,Hill,,46,male,brayden.hill@x.dummyjson.com,+61 371-853-2857,braydenh,braydenhpass,1979-4-20,https://dummyjson.com/icon/braydenh/128,Austin,144 Jefferson Street,Massachusetts,40298
195,Violet,Roberts,Adams,30,female,violet.roberts@x.dummyjson.com,+49 724-357-9329,violeta,violetapass,1995-6-14,https://dummyjson.com/icon/violeta/128,San Jose,1117 Tenth Street,South Carolina,89729
196,Lucas,Ramirez,,35,male,lucas.ramirez@x.dummyjson.com,+92 745-454-8374,lucasr,lucasrpass,1990-12-4,https://dummyjson.com/icon/lucasr/128,San Francisco,773 Fourth Street,Delaware,33971
197,Eleanor,Collins,Ward,38,female,eleanor.collins@x.dummyjson.com,+44 353-303-4041,eleanorw,eleanorwpass,1987-1-20,https://dummyjson.com/icon/eleanorw/128,Phoenix,285 Adams Street,Utah,18908
198,Max,Parker,,33,male,max.parker@x.dummyjson.com,+81 250-310-5486,maxp,maxppass,1992-1-15,https://dummyjson.com/icon/maxp/128,Washington,1038 Oak Street,Alaska,20650
199,Vivian,Carter,Gomez,27,female,vivian.carter@x.dummyjson.com,+92 237-734-8586,viviang,viviangpass,1998-2-25,https://dummyjson.com/icon/viviang/128,Indianapolis,511 First Street,Pennsylvania,29369
200,Adrian,Flores,,44,male,adrian.flores@x.dummyjson.com,+61 524-858-7351,adrianf,adrianfpass,1981-5-1,https://dummyjson.com/icon/adrianf/128,New York,1395 Madison Street,Delaware,60163
201,Maya,Reed,Hernandez,30,female,maya.reed@x.dummyjson.com,+92 291-415-7257,mayah,mayahpass,1995-9-12,https://dummyjson.com/icon/mayah/128,Seattle,1579 Pine Street,Florida,88510
202,Caleb,Nelson,,37,male,caleb.nelson@x.dummyjson.com,+91 820-504-1614,calebn,calebnpass,1988-9-25,https://dummyjson.com/icon/calebn/128,Philadelphia,684 Madison Street,North Dakota,22625
203,Nova,Cooper,Bell,32,female,nova.cooper@x.dummyjson.com,+49 292-569-8252,novab,novabpass,1993-6-16,https://dummyjson.com/icon/novab/128,Los Angeles,1687 Pine Street,Nebraska,49131
204,Mateo,Perez,,46,male,mateo.perez@x.dummyjson.com,+44 704-302-8113,mateop,mateoppass,1979-1-26,https://dummyjson.com/icon/mateop/128,Jacksonville,798 Ninth Street,Texas,12771
205,Aubrey,Garcia,Gray,29,female,aubrey.garcia@x.dummyjson.com,+1 470-576-9130,aubreyg,aubreygpass,1996-11-5,https://dummyjson.com/icon/aubreyg/128,Los Angeles,1221 Washington Street,South Carolina,78498
206,Elena,Baker,,35,female,elena.baker@x.dummyjson.com,+49 978-346-6960,elenab,elenabpass,1990-3-16,https://dummyjson.com/icon/elenab/128,San Francisco,117 Maple Street,Tennessee,40535
207,Jace,Smith,,42,male,jace.smith@x.dummyjson.com,+1 634-923-7779,jaces,jacespass,1983-12-18,https://dummyjson.com/icon/jaces/128,Seattle,1856 Tenth Street,South Dakota,60977
208,Samantha,Martinez,Lopez,28,female,samantha.martinez@x.dummyjson.com,+49 493-402-2473,samanthal,samanthalpass,1997-9-3,https://dummyjson.com/icon/samanthal/128,Los Angeles,1890 First Street,New Hampshire,53772
